Customer ID,Loan Amount
C-6692,44009.85
C-25987,154530.89
C-5051,108330.24
C-12745,89748.65
C-8292,17845.877
C-3754,198880.67
C-3984,126494.125
C-48953,4499.7256
C-30172,25818.973
C-23000,20105.137
C-14147,56774.316
C-15348,44665.09
C-28709,495.44266
C-7050,25548.01
C-14470,9887.565
C-7656,29859.16
C-33746,107434.516
C-32548,56264.15
C-12679,19631.21
C-24115,24930.17
C-7252,713.5156
C-7384,6321.389
C-24989,36206.137
C-32928,11073.07
C-3691,32433.596
C-24878,25196.057
C-21789,70790.195
C-16659,27122.344
C-8886,75080.62
C-45045,2431.8535
C-38455,38884.336
C-19376,46355.6
C-7171,25704.742
C-33221,90639.32
C-12358,29736.145
C-41422,2198.2437
C-5161,73630.45
C-42940,23727.932
C-30405,13195.427
C-15024,46478.8
C-30938,15418.495
C-17715,20429.404
C-44216,54076.016
C-43407,98139.89
C-19049,3390.9365
C-21169,72268.61
C-30064,18057.338
C-24705,54960.37
C-34558,106872.414
C-8525,55103.07
C-44176,14629.081
C-45527,19968.861
C-33101,1620.714
C-20333,84620.68
C-3234,36900.703
C-34681,10342.91
C-37749,15394.832
C-27366,21804.41
C-12142,67547.91
C-14285,66951.625
C-3043,85336.65
C-28933,32492.727
C-14391,20180.355
C-5171,118076.23
C-42051,11297.559
C-39348,61300.785
C-29579,91844.63
C-946,52460.855
C-3037,49306.902
C-47057,151473.14
C-8989,31234.582
C-41680,16661.604
C-41271,4114.7427
C-18852,113596.805
C-10918,19340.31
C-48018,56761.28
C-22681,80865.36
C-35914,79068.11
C-18648,126607.14
C-49531,5095.033
C-13925,68246.69
C-30823,105392.78
C-49367,129443.07
C-40211,90918.875
C-44380,3954.1484
C-12954,35559.63
C-7743,40155.68
C-8851,51167.25
C-38331,123729.61
C-8081,40169.105
C-33982,22495.98
C-27737,66699.555
C-29442,93894.37
C-26011,42269.97
C-25819,103205.766
C-45949,15521.511
C-18022,157164.25
C-1697,15624.467
C-30378,19977.191
C-24546,15853.431
C-30531,9347.762
C-27851,91806.57
C-8652,38903.8
C-17527,5072.6045
C-41125,52434.145
C-16783,15431.395
C-32251,79195.59
C-24008,52526.77
C-8128,86986.555
C-1254,62043.32
C-17808,103139.61
C-48439,33443.805
C-38876,14985.057
C-24861,23983.879
C-27404,129646.23
C-33515,108033.25
C-23782,16838.322
C-43856,40.672
C-45854,19116.336
C-45677,10524.859
C-3944,111535.42
C-27783,12843.968
C-19145,47804.082
C-34701,121205.23
C-569,12823.363
C-5878,29916.305
C-41765,51519.227
C-44284,3444.2354
C-43898,34795.84
C-31464,16760.11
C-41822,2574.4644
C-31947,61687.277
C-6311,16658.117
C-37016,24688.875
C-2916,47734.43
C-13034,22011.53
C-1713,18877.826
C-4123,73105.7
C-4867,5229.434
C-22875,4453.575
C-20115,25115.3
C-22402,78946.836
C-3321,30618.674
C-23714,66217.39
C-9776,6390.818
C-8086,12436.432
C-35364,25780.697
C-39702,30059.936
C-6022,55483.734
C-45230,3931.9663
C-28386,3549.2412
C-37344,24492.594
C-25325,94891.91
C-38927,25219.062
C-28281,16789.277
C-21572,8013.9536
C-41170,31274.553
C-28195,7069.124
C-2868,24154.697
C-16539,45142.027
C-17036,51249.5
C-37437,119592.96
C-19310,45494.51
C-19326,75958.47
C-8200,113686.66
C-34280,23856.008
C-31965,117970.03
C-25959,60375.074
C-46673,99805.58
C-9043,25557.58
C-19407,21071.72
C-3613,106029.625
C-17772,82269.01
C-24336,95113.51
C-17509,51895.26
C-12576,21784.053
C-23086,33933.15
C-31357,25439.098
C-5674,59492.355
C-41823,76587.266
C-13289,17374.943
C-13298,2448.3462
C-39520,212786.67
C-32863,50864.46
C-28175,65176.63
C-41872,1726.0212
C-44335,-284.2921
C-11686,19705.904
C-16265,34234.3
C-9036,41494.777
C-41112,141026.08
C-39736,74524.984
C-7459,74422.06
C-6727,19697.824
C-7461,23802.424
C-46020,50668.812
C-28050,118993.19
C-2893,97645.81
C-38091,74731.195
C-33026,38284.336
C-12227,115914.66
C-18361,12139.581
C-13878,70245.414
C-47308,20962.873
C-22367,106846.15
C-7629,84254.67
C-46653,39471.08
C-6306,159696.53
C-5283,23481.271
C-46919,74819.0
C-4715,213147.84
C-39763,55287.96
C-19157,53913.742
C-21999,132589.03
C-35516,84244.67
C-32685,52365.64
C-5844,63309.07
C-30808,575.9725
C-32040,34414.082
C-30002,70873.17
C-46299,17858.473
C-37998,57051.484
C-1818,7949.4287
C-176,79347.19
C-4656,76217.04
C-13006,159952.0
C-42033,22553.74
C-11361,65829.734
C-12849,137788.19
C-19021,60473.34
C-24318,40038.727
C-37132,50851.35
C-35293,27423.184
C-1049,45041.47
C-18893,48552.36
C-45301,6518.4053
C-35503,49422.15
C-49931,5141.8633
C-9920,-255.74976
C-15279,147822.77
C-46754,10673.703
C-14687,47667.76
C-26017,15983.171
C-25428,133736.33
C-41783,42299.67
C-40785,38801.234
C-32625,-1777.6113
C-25749,5007.21
C-2884,164743.16
C-13568,69597.19
C-13831,120208.24
C-2154,38288.58
C-41093,50784.6
C-12869,104452.14
C-14741,75874.766
C-2750,19855.176
C-48305,25198.566
C-27329,42014.574
C-4154,196763.38
C-28582,50380.867
C-49719,465.29535
C-4707,1294.3529
C-17745,17569.22
C-1238,53339.973
C-48184,72335.43
C-17063,57480.23
C-39728,99926.91
C-36014,76933.39
C-13922,19355.41
C-3820,72599.08
C-11303,33484.81
C-46268,23512.398
C-30032,35477.89
C-42590,7116.9243
C-7436,51844.26
C-47049,9970.184
C-22287,41847.03
C-27269,43404.734
C-19467,29905.092
C-29739,4679.631
C-44618,18828.197
C-30019,46187.86
C-42491,2178.5454
C-49524,901.3505
C-23736,93214.85
C-20770,107913.484
C-29554,35940.777
C-44460,38422.027
C-15804,57039.824
C-21916,63855.23
C-25190,186469.6
C-47926,24843.52
C-36498,100735.05
C-39426,52019.836
C-15427,115705.945
C-35176,39185.867
C-27248,50731.293
C-42241,44643.305
C-18231,29852.51
C-17956,121072.27
C-7430,81589.09
C-36929,91996.5
C-28692,13066.767
C-18333,48316.57
C-3483,14009.305
C-4780,48276.89
C-27153,51901.684
C-33493,20279.482
C-15181,100951.55
C-4647,104521.59
C-11152,51199.69
C-4631,117128.68
C-34429,114154.78
C-16377,133480.6
C-2973,50601.582
C-39888,10767.148
C-41868,61844.1
C-22969,35173.656
C-25796,44573.82
C-14377,76784.31
C-21970,84580.72
C-4673,31207.24
C-36600,25091.672
C-42842,20103.31
C-19001,16022.396
C-29325,175964.89
C-29986,23808.559
C-40678,80795.99
C-35335,21126.87
C-29283,27968.406
C-16184,83492.27
C-11719,91278.336
C-21441,108413.92
C-21949,40500.414
C-40400,29415.105
C-19891,64887.664
C-42650,11211.823
C-45490,15501.93
C-21808,15610.939
C-9276,29065.709
C-33372,112781.06
C-26813,53380.527
C-25851,27539.88
C-22247,29605.418
C-15483,130689.98
C-3333,66898.79
C-29355,22669.193
C-33202,22622.734
C-21209,34267.96
C-40253,6360.5996
C-19665,52329.562
C-26387,17146.133
C-23771,480.75638
C-12714,15342.8125
C-2574,70986.38
C-19429,103117.9
C-30105,14300.768
C-33005,9569.912
C-19749,75543.66
C-1460,12448.45
C-44067,-970.10406
C-25777,60511.72
C-35023,77622.27
C-912,35623.22
C-5999,27927.785
C-20570,32167.58
C-18139,89433.1
C-3817,20321.854
C-27109,22477.44
C-27588,26208.01
C-17955,140373.6
C-30406,8453.271
C-36615,13045.094
C-28595,47438.117
C-35785,29050.703
C-35482,102965.6
C-25739,53158.87
C-20300,67625.836
C-49791,51399.508
C-7158,55380.098
C-5782,21195.783
C-29057,46873.58
C-6891,23144.094
C-47572,10089.645
C-43373,44517.27
C-28182,50147.754
C-18625,41021.242
C-19846,102566.41
C-3274,84410.79
C-12515,29785.766
C-25897,53498.652
C-13069,72175.72
C-38477,38543.51
C-43790,3039.9736
C-33865,111262.8
C-471,12040.54
C-15387,1557.8906
C-40290,18385.9
C-23742,86966.695
C-17443,114602.1
C-24395,99596.836
C-35041,87280.21
C-14024,22503.266
C-18786,149074.58
C-34300,79307.35
C-25113,21277.652
C-10732,73365.36
C-1199,22780.85
C-48489,445.60782
C-8874,8104.147
C-25900,78060.695
C-45342,15912.438
C-21097,70108.27
C-26274,181927.38
C-11364,2640.8237
C-3884,138735.02
C-41101,112284.3
C-44935,4159.253
C-33143,33926.137
C-25353,31318.887
C-35392,41355.77
C-30553,75511.31
C-18760,1457.3113
C-25814,53164.07
C-14949,45728.21
C-1443,218404.25
C-34569,34588.04
C-40045,38036.246
C-35006,19318.268
C-11970,25718.857
C-7220,108635.1
C-34434,41575.066
C-40000,51049.56
C-26449,47955.113
C-16498,22588.564
C-38256,58420.973
C-19879,57728.832
C-34834,62008.68
C-29495,52980.56
C-30793,120990.5
C-48377,30419.627
C-6215,53456.664
C-46669,25673.336
C-15907,39839.176
C-40235,63005.984
C-31700,58204.336
C-17336,83268.914
C-49173,7258.1553
C-27522,121310.6
C-45002,8073.283
C-16884,-2027.3607
C-49775,82262.06
C-34758,39462.133
C-39751,216023.97
C-15146,226048.38
C-19336,27972.727
C-23385,45428.11
C-11138,25715.879
C-14189,50343.223
C-47107,79614.42
C-11966,63751.86
C-8031,13734.867
C-22862,90672.1
C-5486,27805.13
C-36786,41061.44
C-3238,66406.45
C-2457,98442.59
C-9115,1924.0924
C-15830,105537.555
C-48276,50764.36
C-13593,24401.342
C-14489,57331.438
C-34234,128211.55
C-30946,82683.97
C-7040,100521.53
C-23930,119393.27
C-47652,12087.606
C-37200,59808.89
C-10034,28069.453
C-21855,60684.668
C-45484,53887.797
C-45710,33144.156
C-17159,52064.336
C-4480,3235.0273
C-27374,30358.373
C-18259,138120.64
C-29519,128519.734
C-41195,25524.82
C-26406,45483.387
C-34725,103705.37
C-37699,23347.531
C-35291,36432.273
C-27963,52456.656
C-12624,1202.8315
C-26181,18042.01
C-13323,73076.43
C-34930,69719.69
C-49656,105826.63
C-23430,86188.945
C-49918,1680.0919
C-21299,54078.723
C-44101,16488.236
C-31540,158787.34
C-42399,831.96796
C-38895,2161.8828
C-13350,99222.35
C-8528,119875.7
C-39989,46697.406
C-29261,57311.152
C-35578,18949.594
C-8233,20376.506
C-35092,53426.688
C-17693,87911.91
C-30270,76092.84
C-30675,41334.28
C-21326,35912.562
C-3952,85785.49
C-2650,66768.98
C-36757,24147.438
C-15844,137149.16
C-16573,47287.992
C-23531,32958.516
C-22584,14649.57
C-44624,87282.57
C-38679,25858.383
C-11242,47372.445
C-39071,47418.496
C-12544,50897.04
C-43899,20986.62
C-36026,39914.152
C-16541,67166.57
C-637,20653.037
C-43780,64057.62
C-43129,2951.084
C-20088,163307.69
C-2777,167665.08
C-10963,12670.371
C-34309,40206.45
C-39061,30676.27
C-46817,286352.7
C-46795,3023.331
C-14125,2287.106
C-21277,172834.77
C-7444,19367.018
C-26590,126747.69
C-38220,69320.06
C-42135,134834.36
C-24978,23754.371
C-30642,23595.322
C-34465,55883.16
C-46845,52844.7
C-36639,58169.92
C-22113,15027.033
C-20939,31865.621
C-42251,4992.2305
C-35299,111602.67
C-9947,113790.164
C-35551,46136.04
C-10452,164353.62
C-49241,6970.3374
C-33942,51824.703
C-4377,57814.543
C-46533,6169.872
C-1792,16053.76
C-4693,82077.48
C-5677,19716.424
C-43884,65155.297
C-47686,-24961.81
C-38737,41909.297
C-49286,3800.875
C-49464,25780.758
C-29179,143138.03
C-28657,74285.58
C-28283,34479.594
C-12077,53202.05
C-33166,41315.383
C-42571,4003.0576
C-38730,15110.1
C-14190,120604.56
C-26574,82717.375
C-48912,17533.32
C-44692,3728.8086
C-25692,87669.84
C-21967,45888.77
C-47966,27796.312
C-38648,82210.56
C-38959,4545.1533
C-32146,15510.61
C-9773,65230.863
C-27146,34042.082
C-43140,75037.91
C-32074,164468.92
C-37356,71121.625
C-12335,24727.42
C-9748,43879.03
C-2630,38166.023
C-2177,21206.752
C-17321,144497.9
C-34642,6266.1895
C-19006,80085.13
C-31999,62696.637
C-14604,23622.314
C-20068,151195.3
C-43741,103382.84
C-41634,38990.004
C-2053,49286.516
C-25251,57911.914
C-3941,21492.822
C-16957,42027.168
C-45468,9040.698
C-22597,145415.69
C-32972,17892.21
C-14699,39172.98
C-672,29728.984
C-46049,73772.05
C-140,147860.67
C-27232,21454.047
C-47586,61001.58
C-17135,37400.035
C-3006,26169.734
C-31766,63797.88
C-21456,25118.676
C-30643,141024.72
C-6640,41190.043
C-41269,28597.896
C-10983,21480.865
C-28169,13759.685
C-14780,21985.844
C-23998,35303.895
C-32785,96321.83
C-49068,33303.78
C-33004,43416.984
C-41137,25345.256
C-30447,51002.465
C-34959,11283.352
C-8756,27007.438
C-39534,22036.87
C-41586,51502.523
C-45174,52081.426
C-10150,9525.712
C-31454,108250.586
C-1032,17573.752
C-30683,57039.992
C-47268,5296.454
C-3174,91361.41
C-35338,253795.64
C-28163,121956.516
C-22365,46601.727
C-48304,22702.846
C-5515,1080.8055
C-803,76674.87
C-36248,78789.1
C-8258,38840.2
C-44878,19710.92
C-3201,89252.33
C-27062,895.71313
C-24367,27155.248
C-45908,8889.518
C-33914,19318.195
C-41486,17367.95
C-49961,30394.94
C-21413,111681.44
C-25357,20454.97
C-32829,52671.863
C-11369,44857.94
C-16651,60928.113
C-34230,21464.936
C-5561,31384.277
C-43405,20148.027
C-890,55257.008
C-7667,29262.55
C-39003,28915.613
C-6111,225619.3
C-45378,9084.262
C-22368,52296.47
C-24513,71919.52
C-29268,21853.102
C-25143,153901.83
C-47851,5994.803
C-4938,21500.04
C-45037,27572.871
C-4424,32443.438
C-41533,116302.19
C-41810,6996.785
C-15787,28276.154
C-46687,25198.951
C-24409,108387.09
C-31823,82215.52
C-25354,56513.81
C-37878,78955.49
C-34400,71009.28
C-35435,2420.066
C-49809,3570.666
C-5725,29220.707
C-32999,276.00168
C-42629,27092.035
C-43109,5334.909
C-37902,61851.91
C-23116,28653.463
C-5801,123.10182
C-21124,69676.21
C-161,113263.484
C-48945,1944.7365
C-34978,25061.447
C-9952,109846.1
C-31935,108080.73
C-18537,35331.12
C-36802,207557.27
C-205,101463.89
C-20408,26999.705
C-30656,26050.23
C-24105,29040.174
C-1866,231331.78
C-24169,76363.99
C-46557,28795.395
C-15591,37831.297
C-12276,51627.383
C-23820,12787.324
C-47040,35011.656
C-31701,56956.383
C-30431,-323.75977
C-49181,83491.984
C-37338,24498.008
C-24335,101884.336
C-34074,2931.15
C-8025,25797.602
C-15287,82600.4
C-12842,30601.465
C-9764,3814.308
C-33106,28931.553
C-42973,3940.912
C-19652,145661.83
C-42262,17344.371
C-15964,28431.795
C-6258,51132.79
C-42312,66994.336
C-1309,30331.63
C-17139,83054.2
C-13343,42155.39
C-43947,52183.145
C-41893,52362.668
C-42759,78182.84
C-42440,28818.908
C-24003,90145.4
C-30967,21579.998
C-44007,208411.67
C-453,43269.902
C-45248,19501.734
C-6067,19660.928
C-30442,85265.71
C-47016,82352.54
C-25133,166696.31
C-12835,95890.66
C-2833,59133.668
C-288,20028.031
C-23438,186339.84
C-29312,57834.78
C-19946,101634.45
C-18808,114293.05
C-38956,51499.266
C-12843,54222.285
C-6996,72731.15
C-39215,22380.766
C-30107,90202.48
C-1573,29692.037
C-8410,10180.398
C-6851,30653.455
C-45514,20574.797
C-25418,34589.62
C-9408,39359.53
C-28491,95996.445
C-25688,45593.043
C-38458,27343.557
C-19433,43402.25
C-28752,58362.63
C-28695,27172.621
C-49483,15902.23
C-8492,116896.445
C-1911,42567.594
C-8890,4342.8833
C-20697,53991.2
C-39555,13465.657
C-48429,60770.105
C-27750,13576.126
C-21926,74203.89
C-1120,93491.83
C-19244,33568.48
C-25762,45263.984
C-49965,22237.656
C-15062,14077.618
C-27951,26160.379
C-28250,69912.08
C-33032,12811.668
C-11379,9890.731
C-27667,41313.848
C-21724,28035.773
C-24671,25045.29
C-16249,21048.148
C-22832,36257.113
C-16305,1853.9495
C-40360,15513.071
C-26003,13637.515
C-3631,17336.875
C-11435,26034.824
C-78,19319.682
C-27787,57708.59
C-28763,38623.363
C-30873,60863.43
C-41447,64867.82
C-24138,65978.766
C-299,14055.159
C-30869,12151.398
C-10199,22270.46
C-11111,62885.93
C-210,14106.18
C-10676,69778.664
C-21539,1756.0905
C-24344,27529.6
C-1640,53908.434
C-48589,133340.48
C-40962,39535.906
C-5644,56394.31
C-31244,3857.062
C-18671,241205.45
C-20777,100335.07
C-25619,17580.574
C-43706,118.8862
C-13117,51645.375
C-410,82350.72
C-15404,25712.484
C-21359,37255.21
C-8134,-4189.3076
C-37123,2285.7515
C-40361,50816.484
C-25305,101450.96
C-19855,22929.773
C-31366,4061.4878
C-49325,1063.8401
C-16697,80015.9
C-13053,5831.3853
C-22184,18413.854
C-46101,25225.355
C-30278,147423.6
C-19502,5275.819
C-4256,16831.592
C-17018,42928.48
C-3144,18084.229
C-38025,28625.11
C-35098,26341.4
C-9794,7575.695
C-19202,86667.53
C-9129,47733.79
C-5460,51926.207
C-11167,8555.997
C-41713,8362.26
C-47386,32159.773
C-12087,-2059.2563
C-28669,83218.81
C-8458,54250.402
C-7760,26198.06
C-11553,122389.65
C-7806,14392.502
C-28577,80990.35
C-38142,55447.04
C-4850,88120.21
C-27369,27182.713
C-31299,23675.707
C-25532,83735.01
C-8750,80998.94
C-22510,119947.125
C-43287,64260.8
C-31770,64892.117
C-23076,161802.12
C-37092,26443.406
C-25169,23681.443
C-19765,16743.717
C-21385,26709.16
C-8531,118086.914
C-14111,99659.695
C-38592,117068.85
C-59,57410.363
C-1058,46389.367
C-2663,80728.36
C-4629,118806.9
C-11986,90174.5
C-7705,78230.09
C-32072,25038.23
C-15618,17790.023
C-7850,46376.625
C-45565,49056.832
C-48736,3521.2861
C-22094,136215.17
C-16824,27867.473
C-42756,24131.229
C-8148,136128.38
C-46366,28966.08
C-17049,106556.82
C-26975,49637.582
C-15557,23205.305
C-48850,10490.066
C-20135,41227.168
C-18546,51247.89
C-7721,-432.8438
C-40679,97739.11
C-23148,77147.43
C-39305,277156.53
C-40380,17264.873
C-33666,18035.258
C-31101,78855.336
C-42191,33782.406
C-6224,15871.933
C-38338,24237.332
C-15187,33692.297
C-37107,62443.684
C-9365,12049.013
C-4799,26206.883
C-20040,5124.8745
C-2533,67034.93
C-28511,38220.48
C-32383,20796.855
C-9611,25681.578
C-48199,5640.864
C-23637,57841.547
C-20080,106740.88
C-10376,40178.49
C-44450,44972.793
C-37976,83467.02
C-48061,5876.487
C-43074,87403.484
C-38148,65919.33
C-17455,3580.6357
C-641,75574.17
C-14173,39408.117
C-9056,18248.236
C-44025,19953.434
C-10781,57140.65
C-780,-3670.4736
C-6374,15312.635
C-7651,95475.99
C-43510,6367.1597
C-39469,95002.34
C-2037,27572.99
C-21754,67573.69
C-18926,80225.85
C-40782,28146.844
C-24420,28537.613
C-45745,10448.629
C-24770,130552.9
C-20773,24626.96
C-19601,20284.293
C-26022,39847.344
C-41623,42378.41
C-4539,30798.02
C-22580,15252.283
C-4471,20170.63
C-41797,18668.195
C-33346,50728.395
C-45997,20696.31
C-12696,24822.115
C-10009,17110.352
C-40224,36061.13
C-38099,106602.24
C-8541,7480.4565
C-33399,74627.37
C-33823,50628.875
C-40168,93817.81
C-29151,121823.586
C-31319,6469.1104
C-1495,39169.7
C-6213,25527.91
C-22429,85376.21
C-18053,38538.348
C-9279,115180.08
C-48302,15315.562
C-70,20090.04
C-41230,111948.586
C-2453,118872.06
C-12749,22310.54
C-43288,140747.9
C-40472,11006.404
C-45871,6402.2305
C-44739,13488.368
C-49821,205426.92
C-31867,119744.29
C-44889,45888.816
C-610,61122.78
C-44944,2169.4888
C-25508,51463.336
C-21395,15605.185
C-14350,97960.16
C-578,33973.17
C-31660,64875.47
C-10816,21792.887
C-35663,50640.027
C-43857,7360.0186
C-41768,19739.613
C-5132,25001.695
C-15020,42985.492
C-9227,69182.89
C-23073,63648.37
C-25483,25318.717
C-31057,53540.906
C-49107,33285.906
C-31724,96207.58
C-13638,48902.008
C-16213,68159.49
C-1195,45847.484
C-18357,34406.113
C-25270,43225.516
C-29778,5812.603
C-14142,134994.52
C-3479,18135.463
C-26219,99082.336
C-43226,1132.3076
C-36575,8762.643
C-3604,22768.809
C-38376,51529.51
C-40375,56330.57
C-18010,73048.47
C-22037,109495.09
C-3721,22508.352
C-38283,73159.16
C-26875,13924.1045
C-6200,26103.254
C-17661,158406.08
C-27431,25960.248
C-45155,40539.492
C-7716,1360.1255
C-7975,37542.8
C-19777,58135.43
C-35064,20492.314
C-18128,84226.305
C-33089,712.10925
C-23879,117403.766
C-33864,135961.38
C-5021,38347.027
C-12343,43880.777
C-12251,44991.14
C-49393,7513.63
C-1957,60023.832
C-1008,62911.086
C-8404,54135.074
C-13570,68105.5
C-39,38589.504
C-38753,153750.5
C-26548,21582.65
C-49777,39702.15
C-18162,6013.7524
C-155,15401.062
C-19182,13668.099
C-20026,129282.14
C-5102,27594.406
C-28817,60349.473
C-27961,100034.766
C-22426,15853.036
C-28308,61363.426
C-6042,5853.434
C-19764,30620.424
C-47219,45654.42
C-365,100831.92
C-15920,10191.611
C-31009,10807.351
C-7562,23170.191
C-19901,24218.71
C-26115,77104.1
C-18858,90079.37
C-2114,58906.945
C-12802,503.18845
C-39995,13706.272
C-46162,1703.8062
C-17728,4899.448
C-27177,2776.038
C-30825,15333.803
C-2927,45821.684
C-45625,74428.484
C-9812,75471.445
C-42814,6187.15
C-16131,23414.752
C-9916,43792.645
C-25103,22736.348
C-14184,51954.57
C-38176,65305.67
C-43269,4298.2603
C-22957,95530.9
C-42671,65354.1
C-7482,101542.12
C-42431,68295.125
C-17743,168373.48
C-34548,74017.35
C-1799,141137.84
C-22226,29462.322
C-28812,19090.98
C-11754,53449.812
C-26719,5829.0186
C-375,63150.566
C-8527,89924.54
C-8022,17544.23
C-11828,28296.877
C-47297,6109.613
C-27346,79888.805
C-13246,24458.135
C-9868,67376.62
C-36676,49049.78
C-90,-904.4734
C-24148,86604.92
C-7854,43499.52
C-27633,64977.758
C-13283,25401.963
C-18686,117571.02
C-33542,1175.9993
C-40634,29186.273
C-8323,12655.119
C-6480,45550.598
C-3546,149884.45
C-37305,136165.23
C-34888,21914.787
C-49836,19113.574
C-41898,7835.709
C-10438,26809.648
C-35314,31275.076
C-37639,4775.7295
C-33437,28826.094
C-17048,18496.459
C-43901,103069.586
C-47228,12775.636
C-36397,55162.29
C-39722,42684.258
C-22954,-266.44806
C-40474,47986.31
C-42851,-11905.356
C-18059,115046.625
C-16571,132996.31
C-29934,135340.56
C-7154,41990.133
C-44940,53749.02
C-6516,70728.234
C-35096,83405.58
C-29135,88565.22
C-34941,54807.477
C-22640,89758.31
C-20383,120118.34
C-40836,37529.637
C-48083,87068.66
C-46327,57634.48
C-18209,32941.203
C-47943,166069.45
C-18497,116322.7
C-37155,125612.15
C-38672,89202.96
C-23918,75909.12
C-14222,93327.69
C-6937,76075.29
C-41403,117941.59
C-16798,49983.83
C-23575,1185.707
C-16739,112998.1
C-46046,30827.307
C-33631,54201.14
C-37938,41061.53
C-28689,93565.51
C-31301,24915.842
C-5618,82569.8
C-31054,98153.59
C-8180,22455.797
C-29378,3634.884
C-32002,56264.17
C-32080,49092.938
C-32561,18750.637
C-35825,24723.324
C-28056,25633.84
C-3927,100707.07
C-46184,87071.29
C-31862,83037.69
C-27552,2632.1055
C-28882,78544.016
C-48750,22016.041
C-42045,44106.723
C-14081,28914.59
C-17547,72055.34
C-17107,26574.283
C-1831,86888.72
C-24263,36059.473
C-32979,36871.754
C-1236,45149.92
C-36469,61180.766
C-10252,17559.773
C-9985,49545.8
C-40443,28269.057
C-36255,148165.19
C-31326,54316.91
C-46495,136448.12
C-15605,70295.18
C-518,70248.82
C-37901,44256.52
C-21697,43595.062
C-19543,35313.152
C-7895,6252.456
C-20633,15903.621
C-44000,2621.975
C-37035,54407.617
C-42690,63588.207
C-27983,159396.81
C-26270,10120.721
C-2892,16652.342
C-40610,41669.777
C-41080,39990.324
C-43607,12870.284
C-19179,13658.601
C-16698,61377.37
C-18792,30793.895
C-6638,40404.395
C-48950,5540.5483
C-25334,2859.3145
C-5332,23594.533
C-31302,15158.049
C-12606,31646.264
C-18846,99593.695
C-37148,21572.268
C-1039,34002.26
C-19688,5024.6104
C-29389,36770.027
C-14194,67435.125
C-42878,50904.246
C-38556,45420.492
C-37716,9409.903
C-12725,59656.19
C-4294,94095.12
C-48582,23958.977
C-10167,100205.875
C-16505,31993.947
C-29707,60391.082
C-32081,75112.57
C-17151,26609.41
C-7310,103843.35
C-27497,68068.62
C-24675,62055.88
C-2220,90977.87
C-28460,67876.04
C-33871,57044.664
C-36932,38527.24
C-21027,26017.615
C-24079,28255.275
C-19679,121096.67
C-1756,1604.3827
C-21012,33671.043
C-49355,2430.2378
C-11739,150.45923
C-19319,8113.2046
C-49692,50761.57
C-49785,25990.367
C-33164,9519.48
C-37681,75689.01
C-23555,76721.77
C-21984,19491.045
C-24092,109043.25
C-6471,29902.547
C-24390,5130.565
C-35416,90027.25
C-36542,25684.26
C-12406,114783.21
C-2834,98765.44
C-3697,4493.4385
C-7851,10156.785
C-22634,17598.078
C-43086,32460.322
C-33962,118283.68
C-1279,100835.22
C-32535,45130.09
C-29561,94418.29
C-36610,31511.084
C-39727,64678.86
C-10474,15456.288
C-2379,19905.83
C-35644,36818.016
C-37583,73114.77
C-47450,5753.5605
C-2147,147994.42
C-12235,48548.4
C-47645,4181.128
C-31467,90138.75
C-10742,9742.588
C-14518,32951.48
C-35017,29900.393
C-37064,31536.623
C-49183,11092.747
C-3084,43212.55
C-3206,27354.264
C-23071,13294.531
C-42301,36255.53
C-48214,4275.2964
C-34737,21099.842
C-34691,9650.76
C-10783,133494.34
C-46343,18828.537
C-36645,110227.445
C-35535,62047.457
C-42247,2209.7798
C-28655,23791.547
C-23075,27869.668
C-26932,24794.62
C-23009,178083.98
C-9063,157051.55
C-7373,129377.375
C-11626,6562.5977
C-32500,88068.83
C-42448,2611.3276
C-13376,121155.53
C-43812,7657.234
C-20910,70019.59
C-42556,96164.37
C-13064,29784.73
C-7211,40235.07
C-16359,14414.254
C-40193,11753.211
C-9953,119409.375
C-41575,52322.395
C-37503,156808.72
C-25479,28983.998
C-11555,4067.65
C-9258,57081.168
C-4189,124628.54
C-45246,30180.898
C-38644,5746.409
C-28232,125323.8
C-41780,19445.562
C-47866,79830.6
C-44203,45312.16
C-21228,21979.508
C-17108,23818.527
C-41812,24443.477
C-46757,20953.725
C-29682,110708.016
C-1610,23708.762
C-32576,118519.93
C-31804,114477.6
C-37021,36804.305
C-44567,4860.009
C-44415,25344.857
C-3385,39971.414
C-35668,1559.4679
C-43028,1216.8611
C-4510,40759.113
C-33144,17354.797
C-31128,55812.31
C-38820,50273.36
C-7512,168798.48
C-16779,42160.465
C-12718,13904.906
C-12250,44725.773
C-41006,28277.406
C-48111,38281.566
C-46783,57830.57
C-4725,52135.637
C-2407,55499.9
C-18155,30818.541
C-47010,9648.783
C-49468,2789.9844
C-21882,24145.121
C-31839,20145.184
C-28706,74146.8
C-20480,72507.055
C-27539,35272.273
C-39329,23924.965
C-4782,45345.137
C-26431,72219.375
C-9302,1120.2089
C-46426,16716.094
C-24596,53182.363
C-13972,84907.38
C-46747,49563.11
C-42428,25973.762
C-9774,69094.36
C-13973,40903.344
C-16203,30498.604
C-46161,35115.04
C-20014,19958.172
C-23580,41047.117
C-34998,11203.332
C-19419,44969.836
C-2161,32732.363
C-1677,135701.36
C-31998,137272.48
C-10651,49614.05
C-17506,38661.035
C-48341,48826.383
C-31047,30085.2
C-49941,5181.397
C-6869,1115.9479
C-11933,24611.27
C-42078,4189.7573
C-34962,57009.72
C-40936,6832.037
C-22574,830.1014
C-34546,152477.08
C-20806,93415.664
C-11758,11515.526
C-5864,51954.688
C-46486,87948.37
C-41685,6676.443
C-49987,52454.453
C-4891,52888.348
C-1062,47838.73
C-11706,45963.16
C-23011,53300.5
C-25229,109631.98
C-15675,15704.437
C-44144,34933.383
C-44632,54708.574
C-37088,17706.059
C-11250,85630.61
C-49021,24639.7
C-5896,75067.3
C-28340,1433.6593
C-34285,10746.473
C-43444,22569.574
C-33589,44996.023
C-36108,24469.678
C-44135,26930.365
C-48171,83342.3
C-8113,8820.182
C-31698,140284.97
C-24484,26099.154
C-11572,77972.695
C-39293,95375.56
C-2248,15173.459
C-20153,19650.291
C-48743,23528.951
C-19337,49280.957
C-27313,-1508.0757
C-28482,40315.668
C-35567,44021.71
C-13300,15996.78
C-6171,101207.664
C-24556,57557.89
C-19883,99925.75
C-9563,18892.234
C-32823,48933.703
C-1910,27.620234
C-35090,79959.38
C-48097,603.62024
C-6984,127133.67
C-182,55477.05
C-2316,10993.359
C-42718,2428.5776
C-9112,28073.115
C-40365,22614.072
C-21069,48108.703
C-2665,103638.65
C-15219,63187.98
C-10253,38598.234
C-31847,2402.0425
C-29214,24774.486
C-44492,34594.176
C-32841,9155.777
C-224,26349.69
C-18112,167.2808
C-25751,98188.03
C-35173,22963.734
C-39620,88924.93
C-22779,-17744.596
C-443,26641.578
C-20137,10377.182
C-10367,89537.69
C-44613,9050.459
C-3410,13650.412
C-426,52318.88
C-19982,16911.576
C-37942,79990.85
C-45864,15672.474
C-11922,65785.12
C-27679,25879.059
C-26526,92454.16
C-24275,31095.0
C-26174,91126.734
C-9165,32296.771
C-44495,40765.465
C-2043,43818.055
C-37739,62243.184
C-7170,91015.7
C-10799,25859.896
C-6066,52199.336
C-28412,68619.586
C-33122,3526.829
C-49388,45162.87
C-25639,77394.84
C-32699,53464.105
C-38886,6095.401
C-41412,43976.92
C-3887,24803.297
C-15877,116006.35
C-42716,1386.1257
C-4541,-8418.803
C-9073,63260.395
C-47512,35407.254
C-4177,187670.61
C-31638,140260.55
C-21625,61257.53
C-7600,131686.56
C-33426,101524.82
C-43634,19213.521
C-48931,90222.93
C-28355,9139.736
C-40816,2567.9985
C-12265,2520.3926
C-49542,4488.0674
C-19957,7266.8633
C-29721,18617.604
C-43436,113656.14
C-27656,68275.516
C-26996,90067.45
C-40570,2312.915
C-40784,63177.656
C-47254,2912.0596
C-32799,89377.59
C-31093,18330.541
C-32162,62785.492
C-17735,26037.924
C-30945,115273.54
C-4314,30403.578
C-24932,53896.05
C-26147,30090.924
C-23777,11661.681
C-10632,17803.191
C-21897,80180.35
C-31590,33942.684
C-34344,57769.73
C-11027,21920.81
C-33172,11281.797
C-8550,9304.115
C-49612,15033.93
C-32386,39974.754
C-22419,11453.382
C-42985,23229.395
C-18323,26027.473
C-5756,21822.008
C-27908,81008.5
C-489,13355.0625
C-16152,25973.441
C-19109,20238.09
C-32585,88254.25
C-47392,23489.527
C-26005,10290.874
C-35216,42745.605
C-1769,13719.294
C-35803,71390.51
C-46333,25476.424
C-17368,82110.65
C-24329,74067.82
C-939,72457.0
C-45839,20056.834
C-30493,83424.75
C-41999,36819.08
C-41838,3194.8813
C-38612,57762.46
C-33132,61594.61
C-23206,34706.895
C-48077,24072.809
C-21978,74642.914
C-48307,4002.6938
C-13840,6426.0073
C-18286,16003.606
C-43956,-16815.64
C-28720,17950.104
C-23558,19504.62
C-40561,9104.729
C-12202,76510.234
C-764,24252.053
C-43182,76075.99
C-9638,32570.617
C-13639,17906.81
C-32830,25493.178
C-36699,140324.38
C-17186,148913.14
C-10839,79544.64
C-20515,26862.625
C-39749,26468.191
C-26179,39911.336
C-12430,28178.674
C-49009,161581.33
C-37441,93202.56
C-42414,18867.3
C-24108,24876.686
C-28076,49567.945
C-49831,23243.293
C-27503,152793.81
C-4131,48336.26
C-18235,101963.43
C-20907,84215.125
C-4623,129297.086
C-37664,44137.58
C-17969,14466.707
C-46530,275.4042
C-49504,3699.4844
C-16276,51045.527
C-46519,8877.101
C-10593,83271.97
C-28271,35916.453
C-21668,19242.465
C-28659,83361.71
C-49258,8562.121
C-5034,100189.484
C-36797,99106.695
C-8733,163475.42
C-18587,63798.965
C-49149,1215.9232
C-17114,53685.223
C-28146,11872.22
C-28831,34483.816
C-10844,37949.43
C-25592,132098.2
C-7509,87412.8
C-8060,6176.076
C-42990,8915.242
C-12588,15224.92
C-15715,98321.43
C-24716,29607.572
C-44515,39677.06
C-20074,44920.918
C-40664,54356.0
C-8052,84671.56
C-20859,6906.9116
C-40436,22405.766
C-26747,40938.74
C-23673,49128.633
C-14239,91446.3
C-24167,55160.06
C-17868,56301.25
C-35026,152663.03
C-24497,77919.25
C-9037,52724.465
C-41628,61767.7
C-35456,111144.94
C-40051,122036.586
C-23989,105977.24
C-11157,55809.26
C-13885,45485.25
C-33611,36811.254
C-38826,46434.836
C-39694,91878.72
C-42352,11672.365
C-18506,125884.37
C-43450,47345.176
C-26268,211141.97
C-41527,30653.24
C-798,122507.6
C-38452,17816.27
C-28997,8998.965
C-27565,2757.3413
C-12215,65774.836
C-27163,23673.648
C-40228,16666.621
C-44783,3466.436
C-21866,7118.0557
C-39190,24453.213
C-12495,56491.51
C-44617,1872.7666
C-13532,43951.656
C-49461,3511.1343
C-22362,72745.42
C-14902,125803.62
C-38634,2868.0068
C-11731,20782.19
C-31376,14182.261
C-34215,39079.75
C-12722,25093.121
C-48707,51611.562
C-24458,52394.914
C-19594,70228.336
C-47403,29545.068
C-10935,131240.38
C-32711,19358.836
C-8944,37712.207
C-37288,21787.36
C-14494,33556.56
C-5821,49402.605
C-41343,5681.328
C-6229,90869.26
C-37233,21302.178
C-20583,29210.227
C-42487,-6756.992
C-31887,77575.85
C-30392,73050.42
C-47422,2442.2324
C-48295,21965.496
C-1374,71380.016
C-27088,44095.8
C-45850,15808.081
C-33677,26688.654
C-39958,27284.129
C-9471,19840.34
C-33160,45977.395
C-35035,99567.67
C-9347,19969.424
C-40179,7370.2686
C-270,2920.65
C-20626,50184.62
C-16937,86753.6
C-28952,124956.7
C-19368,100040.53
C-29567,148816.56
C-24586,40459.945
C-14571,94947.48
C-23833,63840.773
C-19523,39881.785
C-25420,18237.098
C-16817,31066.002
C-17739,28021.428
C-36083,120072.08
C-41332,12116.3
C-39916,65436.258
C-13559,13816.633
C-22791,21491.059
C-5738,44197.16
C-48271,112007.54
C-3703,100501.04
C-16446,100360.734
C-25343,130601.62
C-36081,44316.406
C-19684,118516.79
C-40117,27464.713
C-17568,31038.273
C-40083,38593.91
C-31097,21792.38
C-17997,77275.36
C-4349,123430.0
C-11302,1247.5007
C-12494,35227.984
C-14289,55629.16
C-29587,3501.8433
C-10864,103223.75
C-11161,76674.836
C-8727,68987.42
C-15070,63805.953
C-3096,7285.364
C-10393,37649.34
C-48576,46165.164
C-13558,71259.24
C-15909,29640.45
C-5258,60590.387
C-17044,31868.764
C-37471,35760.05
C-12241,46957.867
C-350,148574.8
C-34397,2683.63
C-23830,44332.03
C-42433,10109.628
C-5223,2225.94
C-45056,10966.247
C-24765,7002.4614
C-35890,30191.98
C-20672,26070.135
C-47722,1199.7404
C-45356,19690.818
C-139,76239.14
C-26197,4328.498
C-37702,45259.63
C-11853,54715.53
C-23083,55983.906
C-12944,146370.95
C-37950,2171.4219
C-17019,80126.54
C-40296,29855.75
C-10646,35548.49
C-48872,-22854.502
C-10071,88905.72
C-27078,87632.67
C-40408,21432.643
C-41357,23514.883
C-34990,6395.785
C-7522,1584.0818
C-42477,36806.97
C-27154,20144.951
C-26489,48638.35
C-7457,51591.992
C-46792,11915.809
C-41233,33028.727
C-12682,18190.309
C-49959,52359.58
C-25598,28913.025
C-30676,37993.223
C-35938,51743.137
C-10131,60970.375
C-38174,101902.016
C-34647,18380.586
C-3471,26795.201
C-22088,50549.195
C-18676,104374.07
C-18262,6505.8115
C-31143,25182.64
C-46168,30153.363
C-34547,79112.32
C-30085,96439.78
C-22264,31267.986
C-45435,4264.9976
C-26472,6023.366
C-32784,8353.506
C-6992,20375.125
C-33569,8377.023
C-40347,123040.46
C-34190,25228.557
C-7038,99107.56
C-24058,107684.445
C-48629,55217.098
C-15759,52193.97
C-42002,21652.932
C-32595,28409.62
C-28315,42369.27
C-39969,2350.0762
C-40092,118690.586
C-48159,35482.418
C-31681,49864.55
C-21879,36116.24
C-20993,4435.917
C-2481,131397.19
C-9535,30763.48
C-48344,-15482.983
C-49369,54254.64
C-37807,64434.496
C-3362,28460.006
C-25496,122016.43
C-10416,11327.957
C-4718,20689.89
C-928,249.8917
C-46942,13190.729
C-20943,25445.83
C-5273,15604.385
C-36730,54718.758
C-47752,22322.502
C-30607,29175.78
C-38742,19390.805
C-30570,25932.94
C-6797,87561.445
C-14997,49776.273
C-26776,42523.293
C-27342,48215.336
C-19174,125948.77
C-48651,24998.346
C-44701,125975.53
C-47441,2164.1997
C-48180,2863.9175
C-46601,68346.34
C-4305,26424.045
C-18400,82510.25
C-30171,174899.61
C-304,121876.445
C-6846,129224.91
C-14019,20137.672
C-11450,17270.646
C-10856,27646.83
C-772,1674.8014
C-46814,10505.296
C-32941,19574.316
C-26638,20565.725
C-36099,52570.945
C-43300,17090.201
C-24494,5697.91
C-36405,5644.8574
C-5316,35417.37
C-8090,32382.688
C-23785,57717.637
C-30048,1105.507
C-23999,44733.152
C-21246,14671.582
C-24908,47855.293
C-41559,82916.086
C-26732,44652.215
C-34769,99692.39
C-38686,31623.139
C-7852,24719.066
C-6901,20671.725
C-19837,28812.922
C-37143,23249.143
C-40324,163581.52
C-39679,29038.725
C-17499,31554.418
C-22605,31166.14
C-2317,62291.37
C-284,15300.621
C-40260,37096.633
C-5833,60293.57
C-24902,123885.59
C-31837,152197.39
C-18628,5246.858
C-2087,30116.646
C-10209,60032.164
C-27057,69525.086
C-13896,28789.455
C-30394,7621.819
C-34428,47663.273
C-35583,40625.156
C-21258,15905.622
C-22305,95106.375
C-24291,31783.883
C-13503,35729.895
C-7013,44265.543
C-31559,105439.95
C-45937,5347.1963
C-43558,58688.7
C-23740,25439.336
C-39970,37067.715
C-29227,98490.71
C-21379,38064.297
C-46120,2037.5903
C-35858,89693.91
C-42442,2560.5347
C-26851,9261.893
C-49036,7730.11
C-19622,51225.37
C-48793,37070.25
C-6237,157655.2
C-24305,81051.02
C-19328,20024.252
C-17406,107247.0
C-26235,15504.664
C-17606,71979.6
C-47125,5688.1855
C-40956,24908.238
C-24931,17202.494
C-46311,108586.36
C-7944,35331.574
C-35048,113207.15
C-27769,33454.195
C-14641,24305.531
C-31440,92017.56
C-35960,-714.63196
C-25575,13627.054
C-1182,50966.203
C-28654,43660.348
C-37239,35753.81
C-41829,136529.45
C-15383,63576.504
C-38711,69050.35
C-37629,27346.559
C-27543,1297.3025
C-31344,17520.49
C-21976,49783.305
C-33628,36851.547
C-47454,49440.19
C-7997,61359.31
C-31159,93480.08
C-44590,4326.4346
C-24014,56446.56
C-40662,132790.47
C-26384,48969.74
C-46472,66859.74
C-19741,83866.56
C-45481,41629.1
C-8702,44248.79
C-17322,68016.72
C-31561,25628.617
C-42227,32155.08
C-12732,70658.766
C-36082,15380.087
C-32911,82882.05
C-41254,26631.53
C-38434,15113.835
C-38703,93216.82
C-48911,3894.81
C-32904,50007.848
C-11919,134634.48
C-39652,59212.938
C-47710,44414.242
C-26709,-12.509339
C-28825,207215.88
C-11649,77697.875
C-17458,5696.049
C-2477,71697.5
C-7620,31072.4
C-19853,29108.047
C-42943,6432.099
C-40666,143443.17
C-32186,83914.586
C-21125,22689.844
C-152,2611.5957
C-6138,118877.54
C-48938,21945.719
C-3184,38704.004
C-6717,15083.717
C-20874,126730.75
C-4716,31773.67
C-10249,26826.635
C-26136,13342.6045
C-31987,39654.957
C-19488,17473.416
C-48890,-8655.32
C-29133,110829.52
C-516,62983.934
C-38193,65475.69
C-28613,30860.338
C-43191,15963.101
C-3253,69815.26
C-44858,51843.98
C-17233,11960.619
C-17429,29133.623
C-415,82518.055
C-9484,125892.09
C-48680,49135.617
C-42595,9587.8
C-3275,147350.89
C-8291,44167.414
C-30451,51761.883
C-49857,32063.502
C-28293,26632.117
C-34027,53534.44
C-30385,2786.376
C-25821,90044.97
C-32290,24352.812
C-35653,42623.9
C-8615,95224.02
C-13137,20032.105
C-13038,557.4407
C-31230,32065.19
C-48940,92704.234
C-14941,10236.269
C-3148,13111.597
C-7229,103988.85
C-47950,51103.04
C-28554,62727.32
C-13847,17325.771
C-13694,64150.66
C-7383,31294.086
C-24360,108214.79
C-46949,29355.941
C-1329,21186.54
C-15612,32979.984
C-3738,49401.227
C-22025,40963.387
C-13859,70666.08
C-44588,12779.522
C-2385,137263.52
C-4187,69769.75
C-11900,77604.625
C-14351,22774.527
C-47548,5099.095
C-49781,49999.37
C-32332,7544.9556
C-18962,91999.9
C-30792,88320.77
C-7429,118232.484
C-2586,34607.402
C-46445,5465.8613
C-4304,7769.2056
C-37665,49887.445
C-25308,23368.975
C-21706,32678.818
C-19492,12103.397
C-15341,60288.387
C-49893,42545.66
C-44400,17273.701
C-31585,64891.11
C-48683,8108.1924
C-28993,68815.51
C-3582,32147.053
C-40249,233.92155
C-44979,8000.8184
C-23211,124894.914
C-3706,74467.375
C-4787,23116.57
C-28799,100458.164
C-1602,50550.65
C-36760,87162.75
C-11931,26047.527
C-2680,55053.152
C-5505,110919.72
C-24998,27245.383
C-325,37444.367
C-41376,87599.516
C-13446,65206.35
C-12345,44124.387
C-5791,19611.568
C-1847,83921.45
C-4853,32844.77
C-42041,6207.657
C-43936,4928.4263
C-40806,90367.484
C-12854,8628.566
C-6494,4457.4995
C-32636,31658.76
C-43518,563.4888
C-6080,46252.457
C-246,27539.564
C-12921,38970.344
C-6549,58309.75
C-41075,21001.225
C-31510,20241.666
C-44196,4435.0947
C-10403,61231.273
C-37759,39876.656
C-40295,40850.418
C-18016,84776.875
C-40191,24429.938
C-6296,28789.299
C-21875,162592.39
C-35201,82727.19
C-22613,73346.78
C-648,103786.52
C-3246,23886.72
C-33674,81386.195
C-5413,41914.414
C-10976,31404.35
C-8425,22048.328
C-43500,29378.1
C-27659,34587.18
C-21461,17935.908
C-40858,29460.182
C-38722,15302.565
C-7982,1582.0515
C-16385,19407.514
C-693,76181.56
C-5131,40872.332
C-44625,1387.6562
C-6757,108590.64
C-28132,56570.934
C-29658,46486.74
C-21006,29523.178
C-25074,52929.64
C-6388,41684.383
C-4392,44868.453
C-47165,15233.432
C-2837,70621.31
C-45888,4089.7246
C-41089,23828.502
C-47358,2860.0728
C-5683,89490.375
C-33012,67068.71
C-5550,18898.025
C-29506,34947.535
C-33421,19931.365
C-27824,9678.397
C-30068,15254.711
C-26933,57011.67
C-44041,1948.1521
C-34265,28351.412
C-12726,72089.6
C-42315,99492.06
C-17319,25836.203
C-23242,43030.176
C-31933,66403.414
C-43725,11216.945
C-16085,11395.873
C-40620,31079.393
C-23407,52428.72
C-22488,15504.383
C-40412,18810.703
C-17223,7807.1475
C-8876,44788.305
C-39518,20109.684
C-44953,95094.53
C-32189,24237.51
C-40186,36446.25
C-27715,155566.11
C-37537,33302.67
C-27448,149241.72
C-15438,86575.9
C-4244,61907.367
C-21733,24511.61
C-48188,143303.6
C-33615,48151.63
C-46304,18540.195
C-17164,50733.703
C-49760,30104.496
C-11826,92259.09
C-37572,69412.73
C-36121,118866.81
C-37990,14940.73
C-38575,48039.605
C-12761,36065.82
C-44782,47437.75
C-8318,37595.574
C-41339,22475.184
C-11906,9205.556
C-39368,46285.918
C-29518,40704.293
C-24363,17836.227
C-7770,47691.457
C-22364,50203.926
C-45979,59448.707
C-46943,54331.383
C-43934,26062.82
C-10715,10725.432
C-5768,2021.9265
C-6980,85299.95
C-36647,18980.566
C-40145,27533.041
C-20091,396.91272
C-7594,20680.453
C-3154,37394.316
C-46438,6930.147
C-48834,25275.719
C-13756,20070.59
C-6153,68923.875
C-14360,4874.433
C-31448,68462.01
C-31348,96274.23
C-39909,172358.72
C-16226,39270.496
C-355,24561.324
C-7778,49184.17
C-37577,32275.11
C-9369,68933.32
C-37280,79023.805
C-889,72777.61
C-21374,150551.34
C-965,60985.707
C-32944,27089.062
C-40421,74627.95
C-17620,80209.49
C-13704,18400.662
C-4213,38023.105
C-33466,129914.58
C-19105,114620.38
C-38420,56353.242
C-40202,52216.137
C-42982,9982.324
C-37231,28449.502
C-42537,16923.111
C-30615,20297.459
C-21675,4646.385
C-8796,88739.555
C-19557,42167.137
C-3916,162481.48
C-47847,1292.0842
C-41770,70502.3
C-15687,39480.953
C-40760,16930.602
C-11577,27047.777
C-37214,194922.45
C-41171,183224.27
C-19710,17342.914
C-45328,23366.584
C-6,5630.165
C-23942,51579.76
C-44211,3238.811
C-10966,27324.018
C-940,103863.55
C-16418,245809.25
C-35867,28492.365
C-18233,125534.07
C-5653,56554.305
C-6060,27362.832
C-20812,21876.79
C-14575,2436.7432
C-36422,18314.65
C-30547,126307.53
C-29166,56847.85
C-31246,41804.535
C-22112,14550.267
C-5980,16921.572
C-30852,54554.492
C-42567,71629.18
C-5380,32299.174
C-47501,2142.923
C-24299,195222.03
C-7892,19347.707
C-16544,66197.016
C-259,89453.78
C-21594,12714.384
C-47995,2556.126
C-32770,125357.12
C-12101,89838.445
C-19588,54482.516
C-20494,40404.5
C-39409,47964.117
C-26410,74853.93
C-15732,12942.282
C-37384,30152.635
C-1772,102140.53
C-44169,124740.76
C-40307,15416.748
C-18107,46837.656
C-27660,23604.85
C-49396,49205.26
C-37218,42047.418
C-22617,55231.895
C-31523,28345.51
C-33043,30323.426
C-18439,89760.09
C-35974,41861.758
C-7351,75371.89
C-15541,114258.48
C-33630,28474.02
C-28609,33304.594
C-31531,18125.453
C-8819,1590.1042
C-25512,154502.83
C-29218,56286.074
C-39077,52747.246
C-26213,14390.879
C-45768,5399.33
C-29541,45449.523
C-19915,90767.266
C-14573,46122.656
C-40564,8224.592
C-17169,25410.285
C-5622,1463.975
C-35652,11478.034
C-41197,31326.924
C-25791,48509.36
C-29974,35107.668
C-3803,35811.4
C-29797,21001.234
C-30728,17962.002
C-22975,37492.85
C-21010,25864.746
C-33700,65436.414
C-30715,39519.914
C-42698,42019.363
C-23066,1981.369
C-22778,117549.68
C-23702,30560.887
C-41390,12086.034
C-44285,1149.6525
C-9696,63636.7
C-8499,22384.738
C-29388,54922.754
C-14543,36523.348
C-7545,22533.732
C-9800,13660.28
C-30192,6564.5967
C-30301,56133.68
C-23981,4376.0625
C-3892,29777.719
C-7946,100924.07
C-30095,8031.8364
C-582,52011.453
C-39666,6430.187
C-4192,44853.64
C-24485,65718.69
C-28143,42110.18
C-16931,60461.586
C-42139,10274.184
C-1234,23589.883
C-24411,14746.272
C-42028,71102.65
C-48172,830.7373
C-10648,89615.79
C-34148,10554.397
C-36117,12598.242
C-16328,43979.668
C-3731,26744.68
C-1838,154771.02
C-34873,21017.965
C-42904,17588.12
C-31632,28154.457
C-37560,2925.0986
C-6732,32415.47
C-26440,42147.848
C-23111,80443.164
C-17646,22440.627
C-33621,39826.33
C-34787,152992.69
C-39023,20588.889
C-28277,86371.15
C-12563,101152.73
C-23441,29127.176
C-11669,117459.42
C-24457,162686.48
C-47326,14489.77
C-2284,97196.57
C-36572,1393.3005
C-48081,-2661.3462
C-27842,94341.875
C-47065,951.4703
C-2179,17404.145
C-39651,70504.945
C-2431,30840.201
C-3040,17021.82
C-39592,80175.34
C-39855,71504.055
C-40533,66068.22
C-25730,29288.21
C-36526,2872.4707
C-46947,6135.0103
C-44678,5731.0864
C-27443,92814.94
C-28124,39046.246
C-25290,54361.523
C-40623,94046.91
C-39674,174724.14
C-9893,154646.52
C-40824,43902.363
C-18879,23062.633
C-14985,26183.158
C-20453,49662.03
C-39268,47509.133
C-29997,15906.979
C-27019,113135.195
C-1162,24527.992
C-38609,49552.07
C-14610,17010.594
C-16043,99875.53
C-41053,20414.83
C-6179,17798.232
C-37719,34203.707
C-22463,17017.97
C-42891,5896.849
C-39172,103794.89
C-27095,1662.7367
C-216,36053.95
C-16926,81546.52
C-27962,14884.279
C-36470,98223.71
C-47273,161950.69
C-19843,156292.12
C-3431,116017.13
C-8815,29888.729
C-22553,24575.957
C-23869,70681.8
C-43256,3577.3555
C-9337,92371.69
C-33856,29991.209
C-20686,43013.62
C-28218,92082.09
C-43437,-530.87573
C-6524,22927.24
C-29399,132683.52
C-31233,87424.875
C-39497,58522.684
C-38204,28394.312
C-32226,70995.2
C-20775,3071.6533
C-1669,16922.81
C-10417,25193.904
C-34296,28791.842
C-1384,27394.854
C-38772,40569.12
C-25323,133138.8
C-46610,82355.76
C-6675,36636.273
C-37569,72334.09
C-34742,26158.29
C-14089,120779.836
C-25969,106561.625
C-20558,87888.12
C-43614,92952.0
C-45761,25406.559
C-49169,76871.63
C-12397,102235.97
C-24144,88365.74
C-44620,1699.3212
C-35587,125825.57
C-5898,58436.727
C-39292,78517.71
C-26686,55503.28
C-45874,12305.825
C-16070,21582.13
C-6248,54801.957
C-24004,59090.926
C-32570,-63.21506
C-13419,69872.36
C-11820,28902.906
C-35734,12640.286
C-45339,61660.9
C-46335,49391.098
C-36291,126318.81
C-9702,37994.125
C-44153,64022.855
C-5368,72171.07
C-3510,2577.374
C-17421,2623.2437
C-9892,28070.828
C-11635,15362.884
C-38352,2246.3123
C-31705,16187.979
C-27401,102929.45
C-17803,128307.12
C-12896,43631.0
C-35215,12758.591
C-21092,20329.268
C-4726,36318.113
C-3456,32821.2
C-31115,24321.775
C-33884,2834.8184
C-10396,29201.418
C-30563,38133.8
C-30510,93731.75
C-5465,58713.836
C-14412,148679.02
C-20060,69547.43
C-45648,60318.59
C-23787,25989.412
C-10216,34082.84
C-23077,42605.934
C-19824,24.756279
C-9469,64822.688
C-3940,-7762.403
C-36341,42150.684
C-30816,51438.758
C-23897,34201.56
C-20445,34159.938
C-46704,183921.75
C-26633,54601.727
C-10255,38700.207
C-40791,18175.643
C-7099,9864.5205
C-47711,58578.445
C-40477,56641.07
C-16965,24222.387
C-44318,-34529.934
C-20083,106442.07
C-10929,42758.523
C-19942,62448.684
C-35330,24139.906
C-15166,65690.516
C-21699,120987.7
C-28370,2651.1118
C-19595,46222.316
C-35154,1081.756
C-42500,36019.266
C-18187,51969.223
C-9087,193110.88
C-38661,66549.81
C-9225,74937.94
C-14922,72549.82
C-14936,84034.625
C-19169,98545.63
C-3935,64341.594
C-25973,1140.745
C-2631,110036.086
C-46173,68644.39
C-16987,44517.164
C-25355,6230.994
C-5060,21364.1
C-44654,12844.223
C-47076,17379.807
C-32914,72970.695
C-17017,25803.156
C-33157,44611.414
C-49416,16421.35
C-31982,74793.98
C-22590,10108.522
C-28012,4881.1714
C-23268,8510.304
C-32631,62639.383
C-34321,54721.59
C-38721,14058.493
C-622,112587.25
C-31537,40968.375
C-16360,344.36072
C-29398,31208.688
C-42775,52125.72
C-26508,176597.2
C-6771,11492.942
C-27142,31816.225
C-16476,61425.25
C-10404,-88.51236
C-23285,55593.023
C-20843,41708.8
C-49817,101168.47
C-17682,48834.41
C-11939,48707.176
C-4783,152627.22
C-29468,64739.117
C-39703,10827.841
C-29649,13934.749
C-6583,58636.832
C-22808,34548.28
C-30872,15727.763
C-25183,48689.477
C-8356,44838.656
C-34348,28047.246
C-19269,42713.12
C-23675,178676.17
C-45189,22599.453
C-27039,41329.812
C-10878,54915.27
C-46456,10417.383
C-6936,92779.75
C-33546,27278.031
C-2585,55250.367
C-33781,82425.61
C-3029,67853.36
C-35602,100478.766
C-2096,3966.5781
C-22760,48440.523
C-33752,117703.42
C-46436,64994.758
C-23640,29567.527
C-44693,31416.213
C-25562,31422.404
C-38055,178539.86
C-19877,51437.574
C-24357,46752.375
C-29999,72401.914
C-18584,46444.445
C-7816,77547.6
C-41676,27265.484
C-34346,16503.756
C-39434,99313.94
C-40003,123417.64
C-6726,53598.5
C-24607,62983.793
C-17571,40329.08
C-29768,32818.336
C-39538,22636.5
C-31846,112114.836
C-36304,18433.764
C-47307,115788.08
C-18234,13809.291
C-49521,58783.24
C-22372,4977.2207
C-31275,50483.355
C-36624,81136.8
C-33900,131287.69
C-5259,60276.58
C-21382,128844.12
C-40992,7722.6523
C-40691,105420.734
C-28503,41652.504
C-38677,10772.016
C-49557,22011.121
C-17559,79906.42
C-26749,60329.812
C-32912,6545.744
C-49488,23245.973
C-22946,106420.586
C-31377,12568.703
C-22763,12015.105
C-35768,5938.8086
C-21578,56453.727
C-31040,43786.914
C-47137,16635.957
C-6169,66361.836
C-38290,68365.7
C-23213,128263.56
C-15210,135522.2
C-3586,75013.09
C-11692,84030.89
C-38363,26950.957
C-31645,29338.361
C-1373,194993.62
C-3838,114045.09
C-20536,2758.224
C-14676,100064.055
C-36485,42913.312
C-32159,11215.662
C-37725,18766.848
C-34299,3402.7808
C-49705,69874.5
C-41361,4734.4966
C-7747,17778.652
C-6977,96308.02
C-37955,34098.58
C-23424,27119.582
C-8135,55286.24
C-34952,89101.336
C-21813,52657.797
C-28027,107094.234
C-47213,21695.467
C-25342,52332.37
C-27255,90845.06
C-15507,49327.832
C-37001,21856.416
C-17730,119932.266
C-11936,40108.363
C-19422,87588.37
C-30169,44115.234
C-24657,112833.305
C-41819,19425.287
C-33087,47060.14
C-24053,36688.258
C-36902,22510.133
C-41000,50474.086
C-36796,155727.97
C-47463,3494.3062
C-34058,13789.327
C-43128,74525.02
C-48909,40356.93
C-14560,51203.555
C-42870,-155.88037
C-9335,16154.909
C-21051,39052.17
C-2501,74947.26
C-14991,50812.617
C-49017,83666.45
C-30743,46876.91
C-25931,13193.615
C-15448,44349.844
C-28260,59354.863
C-40349,19087.459
C-13890,27545.158
C-37522,24904.414
C-25547,93127.91
C-40846,853.67944
C-18622,34411.953
C-45967,52169.637
C-47740,104157.164
C-34111,96139.5
C-40452,2154.4424
C-10230,99088.49
C-39114,47933.793
C-15955,22462.488
C-18772,49550.98
C-20003,78148.984
C-495,23132.86
C-1715,99012.21
C-32779,37582.37
C-273,80965.85
C-42272,30374.623
C-41065,64713.543
C-33293,38109.125
C-5352,86594.85
C-41649,71001.39
C-33485,41788.72
C-20673,9103.169
C-22811,182913.83
C-18384,1373.7816
C-36442,5775.799
C-46487,188899.03
C-2679,29218.107
C-1552,172849.4
C-26982,-8020.2134
C-3131,27331.38
C-3387,35384.33
C-29612,4107.292
C-15325,17377.076
C-8789,94088.36
C-40275,18962.252
C-26684,121878.88
C-28792,30299.818
C-14825,117619.27
C-39729,7321.5767
C-49839,117322.945
C-469,109666.45
C-13766,41.798267
C-39001,103237.77
C-15352,93734.336
C-46322,62922.48
C-14031,179106.58
C-42816,186879.72
C-48331,2581.8193
C-4934,28808.008
C-47689,17719.469
C-1815,20929.203
C-23150,21373.879
C-34968,27632.176
C-13011,128007.8
C-14826,1157.5433
C-14164,38230.992
C-36533,79063.484
C-4912,87532.34
C-13777,54140.438
C-49348,5047.499
C-40196,37347.785
C-20218,14415.173
C-27929,86371.09
C-46791,24330.36
C-4483,52044.07
C-17323,34425.387
C-30383,42743.12
C-40869,15524.465
C-32453,74540.37
C-2593,3480.0435
C-29904,72577.15
C-17773,64900.86
C-19953,51467.844
C-1439,92630.2
C-15380,72263.92
C-11069,45999.02
C-41851,2626.224
C-26363,66406.914
C-35781,-1216.1143
C-28667,4368.4976
C-32767,119362.984
C-37253,51394.652
C-43183,102603.13
C-8909,29579.242
C-9400,93418.77
C-7402,25924.18
C-44868,47254.81
C-26335,147753.23
C-27589,33165.664
C-17410,33360.75
C-40299,16548.205
C-38691,75164.73
C-6282,29553.14
C-33130,122778.89
C-22017,114408.85
C-38929,84286.914
C-47610,57827.863
C-6120,26601.021
C-39320,101658.83
C-48929,105366.445
C-34801,22882.43
C-48518,69755.625
C-10304,1852.618
C-23210,88601.72
C-12735,18895.025
C-25611,-4756.6875
C-9808,67442.84
C-26737,7991.1167
C-15116,7177.7007
C-27321,56113.062
C-22314,15442.766
C-20965,44543.1
C-27356,36950.25
C-10077,133315.38
C-20951,19650.703
C-48442,20265.117
C-5566,73708.36
C-27339,41801.887
C-7872,58538.293
C-34629,108900.26
C-43806,20039.703
C-32679,201578.19
C-39609,43088.965
C-28814,23396.527
C-4366,36974.395
C-46797,46514.1
C-39045,24169.719
C-31046,33279.062
C-13944,38156.414
C-21016,23193.834
C-44212,298.75858
C-7796,35940.176
C-36488,17939.213
C-39500,50693.395
C-46132,6402.219
C-35148,31340.799
C-35748,27114.824
C-13674,145515.38
C-157,13132.971
C-42365,22498.453
C-1014,2180.5503
C-10644,126538.234
C-39240,3285.2725
C-35348,5091.385
C-31760,48958.957
C-42823,5049.431
C-44307,3332.6577
C-30769,27213.475
C-6076,50811.695
C-5978,91080.11
C-30920,1179.761
C-14181,7546.1274
C-14471,58647.867
C-18665,75614.38
C-22355,10068.255
C-41344,65648.766
C-12888,115238.78
C-46380,95704.414
C-17407,44775.72
C-8579,136098.34
C-6979,114842.26
C-37171,16038.865
C-19913,23952.98
C-18925,27843.4
C-44031,64449.902
C-48551,120352.04
C-13175,98416.44
C-46230,18575.506
C-33550,28926.18
C-35638,135302.25
C-24325,40742.31
C-25032,108421.89
C-12683,27451.135
C-38529,6940.064
C-20705,16244.526
C-36776,59231.37
C-37896,27801.305
C-22893,156264.73
C-31932,44579.457
C-43433,27174.332
C-32575,-3670.8286
C-32682,53003.13
C-15429,15709.05
C-44218,44924.2
C-31317,1164.9161
C-5215,105333.28
C-33313,125101.28
C-44478,53362.65
C-47171,7609.505
C-16363,22107.066
C-17578,95200.08
C-11090,70110.875
C-1346,28266.555
C-31536,-85.35364
C-49864,6672.962
C-8633,54111.63
C-18386,106519.27
C-11039,80218.71
C-2429,41821.78
C-16114,81467.92
C-1639,58713.61
C-42393,2898.961
C-46847,181667.48
C-48499,30395.314
C-3034,84207.24
C-32531,79222.84
C-2020,143582.47
C-3536,167004.56
C-46778,11030.064
C-24507,38807.63
C-20975,32723.303
C-49044,18064.363
C-49935,4162.098
C-45026,1822.4073
C-47311,41196.74
C-31164,91164.53
C-41398,54872.39
C-29784,117753.35
C-13216,26230.268
C-33177,27470.828
C-27700,74069.11
C-38949,90989.75
C-23519,15652.538
C-8355,3142.2148
C-26432,25316.76
C-37220,9734.754
C-5663,4032.9526
C-20778,135789.06
C-47327,26656.09
C-27877,34978.195
C-16228,61686.883
C-31333,129763.25
C-45981,19295.654
C-26050,680.92285
C-48605,17102.045
C-23159,42782.758
C-32206,62770.215
C-4645,98264.31
C-28954,29541.56
C-16313,20364.262
C-20253,26429.734
C-45408,2852.2046
C-23133,67963.13
C-5851,65426.824
C-20380,35636.453
C-19934,29274.59
C-37032,134480.8
C-11636,57216.023
C-29295,28008.31
C-19128,36427.945
C-7076,77351.695
C-29528,53076.54
C-28883,28261.71
C-24398,40269.26
C-29815,7396.2627
C-19082,9814.4375
C-19417,6391.5264
C-42793,28667.154
C-40849,9910.141
C-27886,62503.29
C-14275,13351.81
C-46449,61937.074
C-47009,26763.434
C-7890,28113.217
C-16069,2757.5513
C-11817,28891.36
C-8196,72994.02
C-9044,25233.498
C-16448,127899.305
C-28702,66287.19
C-44405,61482.64
C-14803,45447.844
C-33046,8038.24
C-10828,99015.164
C-13162,20176.19
C-7273,26371.895
C-22815,56099.637
C-39219,-2827.7812
C-30742,714.5622
C-32474,8417.252
C-31941,29290.29
C-49556,92572.2
C-8739,79127.46
C-25740,59247.145
C-28649,22440.605
C-13018,207499.47
C-42975,2516.6216
C-9731,55296.047
C-10627,117716.65
C-5224,14443.53
C-19466,57488.348
C-48075,26974.174
C-17988,30536.705
C-2851,51701.246
C-31743,9522.487
C-32753,25301.26
C-38136,1562.1514
C-37091,35797.836
C-18585,6850.7695
C-48299,23284.688
C-30227,77363.586
C-33042,-10348.006
C-35531,86760.55
C-34917,44056.227
C-24611,104428.92
C-20744,16860.328
C-28726,28605.154
C-16015,4626.744
C-19496,57816.95
C-21965,81169.586
C-5108,50019.6
C-36781,21970.168
C-11467,17127.72
C-35487,127016.586
C-23221,38058.816
C-25999,-5173.96
C-41292,6204.6016
